crash_day,daily_crash_count,daily_injuries_total,daily_injuries_fatal,daily_injuries_incapacitating,daily_unknown_weather_count,daily_unknown_surface_count,weather_code,temperature_2m_mean,temperature_2m_max,temperature_2m_min,precipitation_sum,rain_sum,snowfall_sum,precipitation_hours,wet_day,snow_day,daily_unknown_weather_share,daily_unknown_surface_share
2025-01-01,26,5.0,0.0,1.0,0,4,71,-1.1,0.8,-3.0,0.1,0.0,0.07,1.0,1,1,0.0,0.15384615384615385
2025-01-02,188,46.0,0.0,1.0,27,28,71,-2.4,-0.3,-4.2,0.2,0.0,0.14,2.0,1,1,0.14361702127659576,0.14893617021276595
2025-01-03,209,33.0,0.0,2.0,23,39,3,-4.9,-3.0,-6.9,0.0,0.0,0.0,0.0,0,0,0.11004784688995216,0.18660287081339713
2025-01-04,207,37.0,0.0,3.0,24,35,3,-8.0,-5.1,-10.9,0.0,0.0,0.0,0.0,0,0,0.11594202898550725,0.16908212560386474
2025-01-05,186,31.0,1.0,3.0,14,25,71,-6.6,-2.3,-9.0,0.4,0.1,0.21,3.0,1,1,0.07526881720430108,0.13440860215053763
2025-01-06,325,42.0,0.0,1.0,42,46,73,-2.1,-0.9,-4.1,3.2,0.1,2.17,13.0,1,1,0.12923076923076923,0.14153846153846153
2025-01-07,290,56.0,0.0,2.0,35,50,3,-6.1,-4.1,-8.6,0.0,0.0,0.0,0.0,0,0,0.1206896551724138,0.1724137931034483
2025-01-08,258,54.0,0.0,2.0,41,54,3,-7.0,-4.1,-10.2,0.0,0.0,0.0,0.0,0,0,0.15891472868217055,0.20930232558139536
2025-01-09,289,66.0,0.0,6.0,38,70,3,-7.5,-3.8,-11.6,0.0,0.0,0.0,0.0,0,0,0.1314878892733564,0.2422145328719723
2025-01-10,391,76.0,0.0,3.0,24,37,73,-3.7,-2.0,-6.6,4.0,0.0,2.8,14.0,1,1,0.061381074168797956,0.09462915601023018
2025-01-11,282,68.0,0.0,3.0,39,54,3,-3.3,-0.9,-6.0,0.0,0.0,0.0,0.0,0,0,0.13829787234042554,0.19148936170212766
2025-01-12,189,50.0,0.0,5.0,24,26,73,-1.5,1.5,-4.1,2.1,0.1,1.4,9.0,1,1,0.12698412698412698,0.13756613756613756
2025-01-13,278,69.0,0.0,6.0,25,49,3,-9.6,-4.7,-12.7,0.0,0.0,0.0,0.0,0,0,0.08992805755395683,0.17625899280575538
2025-01-14,363,66.0,0.0,4.0,39,61,73,-11.7,-9.0,-12.9,1.4,0.0,0.98,5.0,1,1,0.10743801652892562,0.16804407713498623
2025-01-15,282,60.0,0.0,0.0,28,59,71,-12.3,-8.4,-15.7,0.1,0.0,0.07,1.0,1,1,0.09929078014184398,0.20921985815602837
2025-01-16,295,68.0,1.0,6.0,26,57,71,-2.2,2.2,-8.0,0.4,0.0,0.28,3.0,1,1,0.08813559322033898,0.19322033898305085
2025-01-17,332,61.0,0.0,3.0,28,70,3,0.3,5.1,-4.8,0.0,0.0,0.0,0.0,0,0,0.08433734939759036,0.21084337349397592
2025-01-18,247,66.0,0.0,3.0,25,48,3,-2.0,3.7,-6.9,0.0,0.0,0.0,0.0,0,0,0.10121457489878542,0.19433198380566802
2025-01-19,196,51.0,0.0,2.0,19,34,3,-13.0,-8.1,-16.1,0.0,0.0,0.0,0.0,0,0,0.09693877551020408,0.17346938775510204
2025-01-20,167,32.0,0.0,2.0,21,34,3,-15.1,-11.7,-18.5,0.0,0.0,0.0,0.0,0,0,0.12574850299401197,0.20359281437125748
2025-01-21,212,43.0,0.0,4.0,30,50,3,-18.4,-15.4,-21.0,0.0,0.0,0.0,0.0,0,0,0.14150943396226415,0.2358490566037736
2025-01-22,299,64.0,0.0,2.0,31,50,71,-11.0,-4.9,-18.2,0.8,0.0,0.56,7.0,1,1,0.10367892976588629,0.16722408026755853
2025-01-23,315,86.0,0.0,4.0,41,68,71,-8.4,-4.2,-12.9,0.9,0.0,0.63,7.0,1,1,0.13015873015873017,0.21587301587301588
2025-01-24,370,72.0,1.0,4.0,32,67,3,-11.9,-7.1,-16.5,0.0,0.0,0.0,0.0,0,0,0.08648648648648649,0.1810810810810811
2025-01-25,262,63.0,0.0,4.0,18,37,3,-2.5,2.8,-6.7,0.0,0.0,0.0,0.0,0,0,0.06870229007633588,0.14122137404580154
2025-01-26,189,50.0,0.0,9.0,14,25,3,-4.6,-1.1,-7.9,0.0,0.0,0.0,0.0,0,0,0.07407407407407407,0.13227513227513227
2025-01-27,237,67.0,0.0,2.0,19,39,3,-1.9,4.2,-7.3,0.0,0.0,0.0,0.0,0,0,0.08016877637130802,0.16455696202531644
2025-01-28,280,63.0,1.0,3.0,25,56,3,2.4,6.8,-2.6,0.0,0.0,0.0,0.0,0,0,0.08928571428571429,0.2
2025-01-29,259,57.0,0.0,3.0,16,37,3,3.7,6.4,0.5,0.0,0.0,0.0,0.0,0,0,0.06177606177606178,0.14285714285714285
2025-01-30,294,73.0,0.0,7.0,21,34,65,2.8,8.4,-2.4,15.9,15.9,0.0,5.0,1,0,0.07142857142857142,0.11564625850340136
2025-01-31,317,67.0,2.0,1.0,27,39,63,2.5,4.2,1.0,30.8,30.8,0.0,16.0,1,0,0.08517350157728706,0.12302839116719243
2025-02-01,228,47.0,1.0,2.0,32,55,3,-1.0,0.9,-2.1,0.0,0.0,0.0,0.0,0,0,0.14035087719298245,0.2412280701754386
2025-02-02,208,73.0,0.0,2.0,28,36,71,3.3,8.8,-0.6,0.5,0.1,0.28,3.0,1,1,0.1346153846153846,0.17307692307692307
2025-02-03,221,51.0,0.0,6.0,17,41,3,3.5,7.2,1.2,0.0,0.0,0.0,0.0,0,0,0.07692307692307693,0.18552036199095023
2025-02-04,225,39.0,0.0,2.0,19,37,3,-2.9,0.9,-4.7,0.0,0.0,0.0,0.0,0,0,0.08444444444444445,0.16444444444444445
2025-02-05,329,51.0,0.0,3.0,36,39,71,-2.3,-0.2,-3.8,0.9,0.7,0.14,4.0,1,1,0.1094224924012158,0.11854103343465046
2025-02-06,765,65.0,0.0,4.0,128,83,71,0.5,2.7,-1.2,1.1,0.8,0.21,6.0,1,1,0.16732026143790849,0.1084967320261438
2025-02-07,273,53.0,0.0,2.0,25,42,3,-4.0,-0.7,-7.8,0.0,0.0,0.0,0.0,0,0,0.09157509157509157,0.15384615384615385
2025-02-08,234,44.0,1.0,7.0,31,41,71,-1.1,0.2,-2.5,0.4,0.0,0.28,4.0,1,1,0.13247863247863248,0.1752136752136752
2025-02-09,221,60.0,1.0,3.0,17,35,3,-2.6,-0.9,-4.5,0.0,0.0,0.0,0.0,0,0,0.07692307692307693,0.1583710407239819
2025-02-10,255,63.0,0.0,3.0,22,35,3,-3.9,0.1,-8.6,0.0,0.0,0.0,0.0,0,0,0.08627450980392157,0.13725490196078433
2025-02-11,233,56.0,0.0,3.0,19,34,71,-3.7,-2.8,-4.4,0.4,0.0,0.28,3.0,1,1,0.0815450643776824,0.1459227467811159
2025-02-12,293,45.0,0.0,1.0,21,30,75,-3.3,-2.6,-4.1,8.9,0.1,6.16,17.0,1,1,0.07167235494880546,0.10238907849829351
2025-02-13,307,79.0,0.0,1.0,30,49,71,-9.2,-2.8,-14.6,0.9,0.1,0.56,8.0,1,1,0.09771986970684039,0.15960912052117263
2025-02-14,385,79.0,0.0,4.0,31,52,75,-10.9,-3.8,-18.1,4.9,0.0,3.43,4.0,1,1,0.08051948051948052,0.13506493506493505
2025-02-15,225,39.0,0.0,1.0,36,47,3,-1.2,-0.2,-3.3,0.0,0.0,0.0,0.0,0,0,0.16,0.2088888888888889
2025-02-16,194,41.0,0.0,2.0,20,34,71,-4.7,-1.3,-11.6,0.8,0.0,0.56,7.0,1,1,0.10309278350515463,0.17525773195876287
2025-02-17,214,45.0,0.0,3.0,16,30,3,-15.6,-12.6,-17.4,0.0,0.0,0.0,0.0,0,0,0.07476635514018691,0.14018691588785046
2025-02-18,278,47.0,0.0,1.0,33,54,3,-17.9,-14.3,-21.9,0.0,0.0,0.0,0.0,0,0,0.11870503597122302,0.19424460431654678
2025-02-19,234,51.0,0.0,4.0,23,39,71,-14.1,-11.4,-16.2,0.1,0.0,0.07,1.0,1,1,0.09829059829059829,0.16666666666666666
2025-02-20,284,63.0,0.0,8.0,22,46,3,-11.7,-7.7,-16.2,0.0,0.0,0.0,0.0,0,0,0.07746478873239436,0.1619718309859155
2025-02-21,321,65.0,0.0,4.0,31,52,0,-8.5,-4.6,-12.6,0.0,0.0,0.0,0.0,0,0,0.09657320872274143,0.16199376947040497
2025-02-22,271,72.0,0.0,5.0,27,47,3,-5.4,-1.1,-10.0,0.0,0.0,0.0,0.0,0,0,0.0996309963099631,0.17343173431734318
2025-02-23,192,45.0,0.0,2.0,21,32,3,-0.4,4.9,-5.4,0.0,0.0,0.0,0.0,0,0,0.109375,0.16666666666666666
2025-02-24,269,42.0,0.0,4.0,27,36,51,6.6,11.4,2.7,0.3,0.3,0.0,3.0,1,0,0.10037174721189591,0.13382899628252787
2025-02-25,285,69.0,0.0,2.0,16,45,61,5.4,10.6,1.9,2.1,2.1,0.0,2.0,1,0,0.056140350877192984,0.15789473684210525
2025-02-26,224,57.0,0.0,8.0,9,27,53,3.6,8.1,1.4,1.3,1.3,0.0,6.0,1,0,0.04017857142857143,0.12053571428571429
2025-02-27,288,55.0,0.0,2.0,22,45,51,4.4,8.6,1.1,1.1,1.1,0.0,6.0,1,0,0.0763888888888889,0.15625
2025-02-28,308,43.0,0.0,1.0,20,47,3,6.2,13.2,0.8,0.0,0.0,0.0,0.0,0,0,0.06493506493506493,0.1525974025974026
2025-03-01,231,50.0,0.0,3.0,20,26,3,-3.2,1.9,-4.7,0.0,0.0,0.0,0.0,0,0,0.08658008658008658,0.11255411255411256
2025-03-02,245,57.0,0.0,2.0,33,47,3,-3.2,0.6,-7.8,0.0,0.0,0.0,0.0,0,0,0.1346938775510204,0.19183673469387755
2025-03-03,242,54.0,0.0,2.0,24,41,3,3.0,7.7,-1.5,0.0,0.0,0.0,0.0,0,0,0.09917355371900827,0.16942148760330578
2025-03-04,260,55.0,0.0,5.0,19,33,61,7.6,11.1,5.2,10.9,10.9,0.0,10.0,1,0,0.07307692307692308,0.12692307692307692
2025-03-05,312,71.0,0.0,6.0,32,45,73,6.0,10.8,-1.1,11.6,10.3,0.91,20.0,1,1,0.10256410256410256,0.14423076923076922
2025-03-06,284,51.0,0.0,3.0,32,47,3,0.3,4.2,-2.5,0.0,0.0,0.0,0.0,0,0,0.11267605633802817,0.16549295774647887
2025-03-07,360,80.0,0.0,0.0,41,50,73,0.8,1.9,0.2,3.9,1.3,1.82,12.0,1,1,0.11388888888888889,0.1388888888888889
2025-03-08,289,94.0,2.0,2.0,24,31,3,3.2,9.1,-1.5,0.0,0.0,0.0,0.0,0,0,0.08304498269896193,0.10726643598615918
2025-03-09,250,62.0,0.0,5.0,24,35,2,6.6,13.1,0.4,0.0,0.0,0.0,0.0,0,0,0.096,0.14
2025-03-10,293,77.0,0.0,4.0,21,39,1,10.6,17.6,3.8,0.0,0.0,0.0,0.0,0,0,0.07167235494880546,0.13310580204778158
2025-03-11,264,52.0,0.0,5.0,16,30,3,5.8,12.6,0.8,0.0,0.0,0.0,0.0,0,0,0.06060606060606061,0.11363636363636363
2025-03-12,282,62.0,0.0,2.0,21,41,2,3.7,6.6,1.1,0.0,0.0,0.0,0.0,0,0,0.07446808510638298,0.1453900709219858
2025-03-13,280,49.0,2.0,4.0,17,33,2,5.2,9.6,0.9,0.0,0.0,0.0,0.0,0,0,0.060714285714285714,0.11785714285714285
2025-03-14,384,80.0,1.0,5.0,34,54,51,15.8,23.3,8.5,0.2,0.2,0.0,1.0,1,0,0.08854166666666667,0.140625
2025-03-15,338,66.0,0.0,6.0,43,72,63,15.0,19.6,6.7,10.2,10.2,0.0,5.0,1,0,0.12721893491124261,0.21301775147928995
2025-03-16,277,49.0,0.0,6.0,27,43,73,1.4,5.6,-1.0,13.4,7.2,4.34,17.0,1,1,0.09747292418772563,0.1552346570397112
2025-03-17,283,77.0,1.0,3.0,11,32,71,3.3,10.2,-3.5,0.2,0.1,0.07,1.0,1,1,0.038869257950530034,0.11307420494699646
2025-03-18,307,63.0,0.0,10.0,21,34,3,12.8,19.6,7.3,0.0,0.0,0.0,0.0,0,0,0.06840390879478828,0.11074918566775244
2025-03-19,329,73.0,1.0,7.0,26,30,65,6.2,12.8,2.7,14.1,14.1,0.0,7.0,1,0,0.0790273556231003,0.0911854103343465
2025-03-20,320,62.0,0.0,5.0,38,44,75,2.0,4.9,0.3,5.9,0.8,3.57,9.0,1,1,0.11875,0.1375
2025-03-21,333,52.0,0.0,6.0,27,51,51,6.1,13.4,-1.0,0.2,0.2,0.0,1.0,1,0,0.08108108108108109,0.15315315315315314
2025-03-22,261,42.0,0.0,6.0,29,45,71,2.9,7.4,0.9,0.2,0.0,0.14,2.0,1,1,0.1111111111111111,0.1724137931034483
2025-03-23,239,66.0,1.0,7.0,25,41,63,4.9,9.1,1.6,7.4,7.4,0.0,5.0,1,0,0.10460251046025104,0.17154811715481172
2025-03-24,245,65.0,0.0,2.0,26,39,3,4.2,8.4,0.9,0.0,0.0,0.0,0.0,0,0,0.10612244897959183,0.15918367346938775
2025-03-25,260,56.0,0.0,2.0,18,34,71,3.0,6.8,0.2,0.6,0.5,0.07,1.0,1,1,0.06923076923076923,0.13076923076923078
2025-03-26,227,56.0,0.0,3.0,22,34,75,3.1,6.4,-0.8,1.6,0.2,0.98,3.0,1,1,0.09691629955947137,0.14977973568281938
2025-03-27,217,57.0,1.0,5.0,12,28,3,8.2,12.9,4.1,0.0,0.0,0.0,0.0,0,0,0.055299539170506916,0.12903225806451613
2025-03-28,346,86.0,0.0,8.0,34,57,61,15.4,24.2,6.9,6.7,6.7,0.0,6.0,1,0,0.09826589595375723,0.16473988439306358
2025-03-29,294,89.0,0.0,4.0,25,47,51,17.2,20.3,11.6,0.7,0.7,0.0,5.0,1,0,0.08503401360544217,0.1598639455782313
2025-03-30,255,47.0,0.0,3.0,30,47,63,15.7,22.0,7.7,5.4,5.4,0.0,10.0,1,0,0.11764705882352941,0.1843137254901961
2025-03-31,232,51.0,0.0,8.0,19,28,51,4.0,6.8,1.7,0.9,0.9,0.0,6.0,1,0,0.08189655172413793,0.1206896551724138
2025-04-01,258,67.0,0.0,5.0,21,34,3,3.0,6.2,0.6,0.0,0.0,0.0,0.0,0,0,0.08139534883720931,0.13178294573643412
2025-04-02,324,70.0,0.0,4.0,28,41,63,11.5,20.7,5.2,20.9,20.9,0.0,12.0,1,0,0.08641975308641975,0.12654320987654322
2025-04-03,313,74.0,0.0,7.0,25,51,51,9.9,15.6,5.8,0.1,0.1,0.0,1.0,1,0,0.07987220447284345,0.16293929712460065
2025-04-04,352,67.0,0.0,3.0,33,60,55,6.0,7.3,4.4,2.9,2.9,0.0,7.0,1,0,0.09375,0.17045454545454544
2025-04-05,298,56.0,0.0,4.0,23,38,61,6.6,10.6,4.6,5.5,5.5,0.0,6.0,1,0,0.07718120805369127,0.12751677852348994
2025-04-06,242,77.0,0.0,12.0,18,38,3,4.6,6.2,2.8,0.0,0.0,0.0,0.0,0,0,0.0743801652892562,0.15702479338842976
2025-04-07,306,67.0,1.0,4.0,32,48,71,2.3,5.8,-0.2,0.7,0.4,0.21,4.0,1,1,0.10457516339869281,0.1568627450980392
2025-04-08,285,81.0,0.0,4.0,19,32,3,0.9,3.6,-2.3,0.0,0.0,0.0,0.0,0,0,0.06666666666666667,0.11228070175438597
2025-04-09,283,70.0,0.0,3.0,19,41,53,3.4,7.7,0.2,2.2,2.2,0.0,6.0,1,0,0.06713780918727916,0.14487632508833923
2025-04-10,296,59.0,0.0,2.0,21,48,3,3.5,5.5,2.2,0.0,0.0,0.0,0.0,0,0,0.07094594594594594,0.16216216216216217
2025-04-11,332,79.0,0.0,7.0,18,50,3,5.0,7.9,2.3,0.0,0.0,0.0,0.0,0,0,0.05421686746987952,0.15060240963855423
2025-04-12,308,61.0,0.0,8.0,28,45,51,7.2,12.3,0.7,0.3,0.3,0.0,1.0,1,0,0.09090909090909091,0.1461038961038961
2025-04-13,229,53.0,0.0,5.0,19,25,51,12.3,16.6,7.6,0.7,0.7,0.0,3.0,1,0,0.08296943231441048,0.1091703056768559
2025-04-14,324,75.0,0.0,2.0,24,46,3,14.2,18.0,10.6,0.0,0.0,0.0,0.0,0,0,0.07407407407407407,0.1419753086419753
2025-04-15,283,58.0,0.0,2.0,25,54,53,8.1,10.6,4.4,1.2,1.2,0.0,6.0,1,0,0.08833922261484099,0.19081272084805653
2025-04-16,317,60.0,0.0,7.0,21,43,3,5.0,7.2,2.5,0.0,0.0,0.0,0.0,0,0,0.06624605678233439,0.13564668769716087
2025-04-17,303,45.0,1.0,3.0,33,61,53,11.9,20.1,4.2,0.6,0.6,0.0,1.0,1,0,0.10891089108910891,0.20132013201320131
2025-04-18,328,52.0,0.0,4.0,31,57,51,20.2,27.0,14.0,0.7,0.7,0.0,4.0,1,0,0.09451219512195122,0.17378048780487804
2025-04-19,257,73.0,1.0,8.0,27,42,53,10.8,17.9,6.8,0.8,0.8,0.0,3.0,1,0,0.10505836575875487,0.16342412451361868
2025-04-20,223,44.0,2.0,2.0,20,29,61,11.0,14.2,7.8,2.0,2.0,0.0,4.0,1,0,0.08968609865470852,0.13004484304932734
2025-04-21,239,39.0,0.0,2.0,19,40,65,13.2,16.1,8.8,11.9,11.9,0.0,5.0,1,0,0.0794979079497908,0.16736401673640167
2025-04-22,262,46.0,0.0,1.0,20,43,63,13.1,20.6,5.9,6.9,6.9,0.0,4.0,1,0,0.07633587786259542,0.16412213740458015
2025-04-23,316,75.0,1.0,8.0,31,53,63,15.6,20.9,12.4,7.0,7.0,0.0,4.0,1,0,0.0981012658227848,0.16772151898734178
2025-04-24,313,87.0,0.0,4.0,25,40,3,13.3,18.1,7.7,0.0,0.0,0.0,0.0,0,0,0.07987220447284345,0.12779552715654952
2025-04-25,328,73.0,0.0,1.0,25,36,51,9.4,12.9,8.0,0.1,0.1,0.0,1.0,1,0,0.07621951219512195,0.10975609756097561
2025-04-26,297,83.0,0.0,6.0,16,36,3,7.6,9.2,5.6,0.0,0.0,0.0,0.0,0,0,0.05387205387205387,0.12121212121212122
2025-04-27,296,81.0,1.0,9.0,23,47,3,10.9,16.5,4.2,0.0,0.0,0.0,0.0,0,0,0.0777027027027027,0.15878378378378377
2025-04-28,342,77.0,0.0,4.0,30,60,3,19.6,27.6,10.8,0.0,0.0,0.0,0.0,0,0,0.08771929824561403,0.17543859649122806
2025-04-29,321,94.0,2.0,1.0,19,34,3,19.7,24.1,9.6,0.0,0.0,0.0,0.0,0,0,0.059190031152647975,0.1059190031152648
2025-04-30,343,55.0,0.0,4.0,24,44,51,11.4,14.6,7.4,0.2,0.2,0.0,2.0,1,0,0.06997084548104957,0.1282798833819242
2025-05-01,331,70.0,0.0,2.0,39,62,63,16.0,21.4,10.8,17.9,17.9,0.0,16.0,1,0,0.11782477341389729,0.18731117824773413
2025-05-02,318,71.0,0.0,1.0,33,50,51,9.8,13.8,7.3,0.9,0.9,0.0,5.0,1,0,0.10377358490566038,0.15723270440251572
2025-05-03,288,57.0,0.0,6.0,21,54,3,7.5,8.8,6.4,0.0,0.0,0.0,0.0,0,0,0.07291666666666667,0.1875
2025-05-04,257,55.0,0.0,2.0,23,31,63,7.6,10.1,6.3,5.7,5.7,0.0,5.0,1,0,0.08949416342412451,0.12062256809338522
2025-05-05,334,88.0,0.0,1.0,22,50,53,10.1,13.8,7.4,1.5,1.5,0.0,5.0,1,0,0.0658682634730539,0.1497005988023952
2025-05-06,324,62.0,0.0,3.0,17,43,3,15.0,22.5,8.4,0.0,0.0,0.0,0.0,0,0,0.05246913580246913,0.13271604938271606
2025-05-07,302,83.0,0.0,7.0,20,36,3,12.0,18.1,8.0,0.0,0.0,0.0,0.0,0,0,0.06622516556291391,0.11920529801324503
2025-05-08,303,58.0,0.0,3.0,12,20,3,9.1,11.9,6.7,0.0,0.0,0.0,0.0,0,0,0.039603960396039604,0.066006600660066
2025-05-09,408,85.0,0.0,3.0,19,60,1,10.3,14.9,5.7,0.0,0.0,0.0,0.0,0,0,0.04656862745098039,0.14705882352941177
2025-05-10,300,68.0,1.0,1.0,13,34,0,12.3,22.0,9.0,0.0,0.0,0.0,0.0,0,0,0.043333333333333335,0.11333333333333333
2025-05-11,310,102.0,0.0,5.0,19,35,0,12.9,18.0,7.3,0.0,0.0,0.0,0.0,0,0,0.06129032258064516,0.11290322580645161
2025-05-12,351,60.0,0.0,6.0,17,39,55,17.3,21.8,11.9,1.1,1.1,0.0,2.0,1,0,0.04843304843304843,0.1111111111111111
2025-05-13,343,65.0,1.0,3.0,9,30,3,17.3,22.5,12.9,0.0,0.0,0.0,0.0,0,0,0.026239067055393587,0.08746355685131195
2025-05-14,355,95.0,0.0,7.0,15,42,3,15.4,21.0,11.9,0.0,0.0,0.0,0.0,0,0,0.04225352112676056,0.11830985915492957
2025-05-15,355,96.0,1.0,7.0,30,51,61,22.7,32.2,14.1,3.2,3.2,0.0,5.0,1,0,0.08450704225352113,0.14366197183098592
2025-05-16,464,94.0,1.0,6.0,17,54,53,23.8,29.5,17.9,0.6,0.6,0.0,1.0,1,0,0.036637931034482756,0.11637931034482758
2025-05-17,330,73.0,0.0,6.0,28,41,51,16.2,19.2,12.4,0.1,0.1,0.0,1.0,1,0,0.08484848484848485,0.12424242424242424
2025-05-18,265,61.0,0.0,1.0,24,35,3,11.9,14.8,8.2,0.0,0.0,0.0,0.0,0,0,0.09056603773584905,0.1320754716981132
2025-05-19,300,81.0,0.0,6.0,24,43,3,8.6,12.3,6.5,0.0,0.0,0.0,0.0,0,0,0.08,0.14333333333333334
2025-05-20,343,69.0,0.0,4.0,24,31,63,11.6,13.8,9.3,22.2,22.2,0.0,18.0,1,0,0.06997084548104957,0.09037900874635568
2025-05-21,385,69.0,0.0,4.0,36,47,53,10.4,12.1,9.4,4.0,4.0,0.0,17.0,1,0,0.09350649350649351,0.12207792207792208
2025-05-22,309,81.0,0.0,4.0,15,48,51,9.9,11.5,8.6,0.9,0.9,0.0,7.0,1,0,0.04854368932038835,0.1553398058252427
2025-05-23,353,57.0,0.0,4.0,26,50,3,10.0,14.1,6.7,0.0,0.0,0.0,0.0,0,0,0.07365439093484419,0.141643059490085
2025-05-24,297,62.0,1.0,4.0,17,29,3,11.1,13.9,7.4,0.0,0.0,0.0,0.0,0,0,0.05723905723905724,0.09764309764309764
2025-05-25,291,72.0,0.0,4.0,20,26,51,12.0,14.9,10.3,0.4,0.4,0.0,3.0,1,0,0.06872852233676977,0.08934707903780069
2025-05-26,190,42.0,0.0,7.0,13,25,3,11.8,15.6,8.6,0.0,0.0,0.0,0.0,0,0,0.06842105263157895,0.13157894736842105
2025-05-27,325,60.0,1.0,0.0,26,45,51,13.3,16.1,10.6,0.1,0.1,0.0,1.0,1,0,0.08,0.13846153846153847
2025-05-28,318,58.0,0.0,1.0,24,50,63,12.6,15.0,10.3,9.8,9.8,0.0,8.0,1,0,0.07547169811320754,0.15723270440251572
2025-05-29,365,76.0,0.0,2.0,22,52,51,15.0,20.3,9.9,0.2,0.2,0.0,1.0,1,0,0.06027397260273973,0.14246575342465753
2025-05-30,375,100.0,0.0,10.0,36,57,61,18.5,25.5,11.8,2.7,2.7,0.0,4.0,1,0,0.096,0.152
2025-05-31,315,73.0,0.0,4.0,22,44,0,12.1,17.6,9.9,0.0,0.0,0.0,0.0,0,0,0.06984126984126984,0.13968253968253969
2025-06-01,287,77.0,0.0,6.0,24,37,1,12.9,16.4,8.4,0.0,0.0,0.0,0.0,0,0,0.08362369337979095,0.1289198606271777
2025-06-02,334,70.0,0.0,9.0,16,37,3,20.7,29.8,10.6,0.0,0.0,0.0,0.0,0,0,0.04790419161676647,0.11077844311377245
2025-06-03,344,107.0,0.0,5.0,22,48,53,25.9,31.8,20.0,0.9,0.9,0.0,2.0,1,0,0.06395348837209303,0.13953488372093023
2025-06-04,378,87.0,0.0,4.0,36,52,63,16.4,23.8,13.1,31.8,31.8,0.0,15.0,1,0,0.09523809523809523,0.13756613756613756
2025-06-05,333,65.0,1.0,4.0,15,42,3,13.9,18.0,10.8,0.0,0.0,0.0,0.0,0,0,0.04504504504504504,0.12612612612612611
2025-06-06,401,76.0,0.0,5.0,28,50,3,16.1,20.0,13.2,0.0,0.0,0.0,0.0,0,0,0.06982543640897755,0.12468827930174564
2025-06-07,312,72.0,0.0,9.0,37,61,51,16.7,20.5,12.6,0.3,0.3,0.0,1.0,1,0,0.11858974358974358,0.1955128205128205
2025-06-08,367,78.0,0.0,11.0,29,50,55,19.2,25.9,14.0,3.5,3.5,0.0,8.0,1,0,0.07901907356948229,0.1362397820163488
2025-06-09,326,76.0,0.0,5.0,14,45,63,17.3,22.1,13.4,8.9,8.9,0.0,3.0,1,0,0.04294478527607362,0.13803680981595093
2025-06-10,322,73.0,0.0,9.0,20,38,3,19.4,25.9,13.2,0.0,0.0,0.0,0.0,0,0,0.062111801242236024,0.11801242236024845
2025-06-11,353,77.0,0.0,4.0,25,52,3,25.5,33.1,17.1,0.0,0.0,0.0,0.0,0,0,0.0708215297450425,0.14730878186968838
2025-06-12,335,92.0,0.0,8.0,21,39,51,21.1,25.2,15.9,0.2,0.2,0.0,1.0,1,0,0.0626865671641791,0.11641791044776119
2025-06-13,350,76.0,0.0,1.0,24,47,53,18.7,21.9,15.4,2.5,2.5,0.0,10.0,1,0,0.06857142857142857,0.13428571428571429
2025-06-14,341,101.0,1.0,6.0,22,40,3,16.9,20.2,14.9,0.0,0.0,0.0,0.0,0,0,0.06451612903225806,0.11730205278592376
2025-06-15,309,86.0,0.0,4.0,23,47,3,18.5,23.9,14.4,0.0,0.0,0.0,0.0,0,0,0.0744336569579288,0.15210355987055016
2025-06-16,294,64.0,0.0,5.0,15,36,3,22.3,28.0,16.0,0.0,0.0,0.0,0.0,0,0,0.05102040816326531,0.12244897959183673
2025-06-17,323,81.0,0.0,10.0,19,35,61,26.7,33.5,21.1,2.7,2.7,0.0,2.0,1,0,0.058823529411764705,0.10835913312693499
2025-06-18,325,73.0,0.0,8.0,27,42,65,21.7,24.7,18.5,41.1,41.1,0.0,15.0,1,0,0.08307692307692308,0.12923076923076923
2025-06-19,334,76.0,0.0,11.0,21,30,61,21.4,25.7,18.7,9.3,9.3,0.0,17.0,1,0,0.06287425149700598,0.08982035928143713
2025-06-20,344,87.0,0.0,6.0,23,47,3,23.4,27.3,19.2,0.0,0.0,0.0,0.0,0,0,0.06686046511627906,0.13662790697674418
2025-06-21,381,67.0,1.0,3.0,21,42,3,28.4,33.2,23.5,0.0,0.0,0.0,0.0,0,0,0.05511811023622047,0.11023622047244094
2025-06-22,320,69.0,4.0,3.0,35,53,1,30.1,34.2,25.7,0.0,0.0,0.0,0.0,0,0,0.109375,0.165625
2025-06-23,351,87.0,0.0,10.0,21,40,3,30.9,35.6,25.9,0.0,0.0,0.0,0.0,0,0,0.05982905982905983,0.11396011396011396
2025-06-24,309,62.0,0.0,7.0,34,56,63,27.5,35.2,22.5,9.8,9.8,0.0,7.0,1,0,0.11003236245954692,0.18122977346278318
2025-06-25,298,71.0,0.0,10.0,23,44,61,23.2,26.0,20.9,2.8,2.8,0.0,5.0,1,0,0.07718120805369127,0.1476510067114094
2025-06-26,347,82.0,0.0,4.0,25,64,63,27.2,30.6,24.2,7.5,7.5,0.0,5.0,1,0,0.07204610951008646,0.1844380403458213
2025-06-27,365,80.0,1.0,5.0,26,54,53,26.2,29.3,23.5,2.0,2.0,0.0,7.0,1,0,0.07123287671232877,0.14794520547945206
2025-06-28,374,92.0,0.0,6.0,29,54,3,22.9,25.5,20.2,0.0,0.0,0.0,0.0,0,0,0.07754010695187166,0.1443850267379679
2025-06-29,329,97.0,0.0,4.0,18,38,3,26.0,30.9,21.8,0.0,0.0,0.0,0.0,0,0,0.0547112462006079,0.11550151975683891
2025-06-30,263,63.0,0.0,4.0,29,36,51,25.8,30.8,22.1,0.7,0.7,0.0,5.0,1,0,0.11026615969581749,0.13688212927756654
